,Ene/2018,Feb/2018,Mar/2018,Abr/2018,May/2018,Jun/2018,Jul/2018,Ago/2018,Sep/2018,Oct/2018,Nov/2018,Dic/2018,Ene/2019,Feb/2019,Mar/2019,Abr/2019,May/2019,Jun/2019,Jul/2019,Ago/2019,Sep/2019,Oct/2019,Nov/2019,Dic/2019,Ene/2020,Feb/2020,Mar/2020,Abr/2020,May/2020,Jun/2020,Jul/2020,Ago/2020,Sep/2020,Oct/2020,Nov/2020,Dic/2020,Ene/2021,Feb/2021,Mar/2021,Abr/2021,May/2021,Jun/2021,Jul/2021,Ago/2021,Sep/2021,Oct/2021,Nov/2021,Dic/2021,Ene/2022,Feb/2022,Mar/2022,Abr/2022,May/2022,Jun/2022,Jul/2022,Ago/2022,Sep/2022,Oct/2022,Nov/2022,Dic/2022,Ene/2023,Feb/2023,Mar/2023,Abr/2023,May/2023,Jun/2023,Jul/2023,Ago/2023,Sep/2023,Oct/2023,Nov/2023,Dic/2023,Ene/2024,Feb/2024,Mar/2024,Abr/2024,May/2024,Jun/2024,Jul/2024,Ago/2024,Sep/2024,Oct/2024,Nov/2024,Dic/2024,Ene/2025,Feb/2025,Mar/2025,Abr/2025,May/2025,Jun/2025,Jul/2025
Producción Petroleo crudo,1932.138755,1897.854808,1866.800446,1888.284508,1869.83852,1848.281933,1842.677456,1818.463822,1826.974557,1766.987331,1716.910926,1728.875097,1641.514202,1721.767474,1709.954366,1694.374936,1682.542114,1692.131935,1696.555315,1707.656999,1730.346637,1680.752768,1721.728191,1732.24731,1748.840721,1754.622363,1771.341819,1746.743329,1676.61071,1654.733064,1647.332173,1687.866409,1697.837757,1680.210948,1688.845791,1711.492242,1712.650383,1731.804704,1758.926608,1751.265001,1755.117927,1767.527003,1772.336593,1728.773343,1782.402352,1771.125788,1771.410008,1772.710856,1783.022924,1763.607534,1777.266972,1766.812884,1775.345824,1787.224614,1796.506904,1779.753338,1776.757349,1790.763817,1798.17319,1817.446022,1870.246985,1869.243451,1878.209675,1904.166328,1904.42361,1898.692959,1855.239107,1878.519029,1879.248837,1863.001164,1857.245056,1846.959764,1829.318941,1819.398332,1810.523763,1784.129467,1785.295128,1781.529974,1772.174797,1769.592438,1748.997757,1717.852268,1673.381808,1618.689272,1616.929748,1620.537824,1607.164663,1627.346338,1635.611417,1629.144172,N/D
Producción Condensados y liquidos del gas,257.500128,253.803957,247.032629,258.538233,241.903436,244.339936,247.211781,236.373286,236.804993,221.486788,214.11905,198.717919,217.327181,221.089735,224.488233,220.701332,221.295265,216.979829,204.251182,218.441608,223.750286,219.180853,214.397112,221.785203,225.319559,221.528658,220.536739,207.83784,208.086496,212.084234,206.240513,214.243386,206.482309,188.882069,180.924267,183.769563,172.309857,179.115829,172.59158,174.687884,177.760193,171.056555,171.98962,158.894228,143.673047,164.179996,181.167544,160.905802,175.851632,161.494371,177.635508,155.462875,151.104973,140.28226,152.590034,170.430135,172.791246,160.602036,159.634367,132.164009,170.389675,164.010306,168.009648,178.117236,176.403258,167.52728,153.502599,147.052334,160.423314,160.366785,167.605621,163.419478,153.905109,154.787283,154.865677,148.478467,142.539345,141.737835,156.232547,154.852148,151.1703,139.296451,148.5802,147.342798,140.843632,146.368851,133.690419,122.094001,105.314544,118.018865,N/D
Producción Gas natural  (MMpcd),4910.064191,4852.609001,4645.570734,4868.900388,4827.468844,4840.414525,4855.875792,4897.558844,4913.11296,4895.254467,4776.133946,4880.600005,4648.323727,4869.145045,4856.64494,4816.265564,4840.677797,4842.747777,4891.880071,4938.778443,5016.628422,4970.743767,5014.952562,5024.479538,5004.855107,4941.777495,4946.334171,4826.709719,4459.815731,4753.708473,4902.355742,4919.639354,4926.075173,4928.144902,4768.613979,4845.7927,4848.055541,4854.306416,4839.141171,4670.981598,4730.289952,4726.737503,4724.712841,4656.476412,4746.475235,4718.116237,4751.223393,4697.060829,4712.86373,4646.317988,4766.219689,4739.866774,4701.527941,4743.951115,4815.415043,4795.569214,4798.226799,4795.026692,4844.875543,4844.545684,4955.215198,4979.437938,5034.674229,5094.967537,5034.39186,5034.982504,4935.871383,4946.940527,4969.179601,4950.140051,4887.590676,4786.210503,4779.868326,4777.121571,4768.333264,4500.279884,4487.791093,4606.010923,4566.234141,4533.819309,4515.048031,4503.443911,4431.546205,4400.263263,4367.58217,4424.960548,4434.085669,4499.75917,4543.34856,4549.587287,N/D
Producción Petroliferos y gas licuado (1),728.036874692424,643.842682211486,793.530529320372,937.599493017951,877.23606282449,778.482552952374,760.985852223583,788.155462009578,732.856146080868,598.044802454566,627.869630819628,614.956725131138,610.66333839361,716.271665,704.459672326915,717.761922458697,753.758542,786.001152,786.042982,809.014795,756.369958,667.231974,689.820462,714.781164,684.380372,575.226748,709.133075,770.742698,778.654857,745.906948,571.10684,661.960809,752.178397,679.926027,609.006954,755.122739,806.489871,813.270517,931.21283,719.157745,787.575498,730.825069,741.637241,790.230204,856.188932,838.163739,844.662885,812.768824,911.022205,968.25817,941.457437,997.149365,932.647616,728.790392,901.14717,909.055236,875.3061,934.875368,1000.578618,883.081482,972.536254,894.955925964218,973.348243418891,1030.58849219918,903.099163380965,872.247428965809,907.267421741091,891.340050418532,826.520354332486,683.091193418431,844.156994332592,959.486919934656,1084.71229422498,1043.85015282652,1185.26334641832,1018.97392081157,906.517900547986,983.282024932291,1070.31992780531,1031.53730586984,984.208919765556,864.214533385937,817.818688832184,967.898681386066,975.2093954505,994.855053784861,1034.73963083314,1032.70566374144,1014.62530322471,1144.82284066555,0
Producción Petroquimicos (Mt) (2),488.90161411,428.305416616,503.61959974,541.38077586,586.752729214,462.4202094,590.868740419,524.138680284,482.62478598,497.379944633,472.27458555,407.100661679,461.998300132,420.252630644,498.727416022,411.4423623,513.920661443,483.40075065,502.994781472,466.807450319,489.88919997,446.749757097,339.08179776,473.29487646,482.346755593,505.957643509,448.979946783,445.11851238,328.388793177,282.58805192,310.604052875,271.943232315,297.16311667,336.207230775,318.65841209,332.708324298,317.689796327,318.611897708,385.971960007,359.9555114,350.846513177,219.33991373,306.784645723,403.522392482,370.30305786,425.000483421,419.50753067,220.044563195,247.654460767,341.674169848,408.829460178,336.84640626,313.31083286,246.78218868,359.490451125,358.364490109,278.64789352,355.504036712,359.09651457,199.544344621,371.070383234,265.521577212,308.797306749,373.66272174,299.307577154,286.07466123,302.185504407,237.614983247,220.58143338,256.468808888,254.03131507,281.241454297,277.649685191,273.979441878,384.009970408,321.76103178,278.42534525,288.11277543,311.586294058,306.970307938,289.72533238,298.109290669,298.99055043,338.235179874,355.570875781,329.9130522,350.482987575,327.10036779,247.672150202,335.04604371,N/D
Producción Naftas (Mt),148.523005446841,136.427253428059,153.026690411984,150.084467380733,147.748830630049,137.974918862323,153.950237223244,137.89499309873,133.09403370977,128.593021278917,123.170759703673,125.432250966101,131.701397321566,122.956878911728,150.311951883347,138.680411923269,143.60692846202,144.534200511637,134.367305100482,138.907923785372,144.376530320468,140.434004703552,137.548355793732,132.681362156707,143.43774671275,130.159704315331,139.206437657676,123.823515758525,134.793678349362,134.010633861888,140.237021577521,143.645857621721,132.440396424859,121.072905015904,115.272835512039,115.165702539197,108.934735820682,102.008699582427,101.547377131168,114.134203561086,117.253659242459,104.540843637327,116.575669891272,110.320619823326,97.3304093264807,103.158762285548,102.756117349007,88.9876244004322,92.0228233534896,80.7506585554772,108.743837635929,111.60814646231,116.901324376858,102.672868149788,112.712606623345,116.577251121286,116.973348656345,108.602164686556,100.991754792123,88.1650297564797,110.644439950601,99.9783018361618,125.531822433605,122.579031216407,121.958844194419,113.40988335397,101.56827829629,92.6093150436428,98.2700709829222,101.152947358459,96.8987274883407,95.4595133725371,100.932890108806,91.386230181991,109.454615320071,94.5544296565692,102.627768152739,97.2706956506421,108.468904143843,103.652796399565,97.5005153598897,98.3662612205312,91.4450682481307,86.2951184260136,87.2073237746015,89.3908611715043,91.4785219044785,81.0428313889591,82.8376061389754,81.9175492532553,N/D
Producción Proceso de crudo,594.231345,544.263064,651.599803,766.871775,684.747974,662.478177,645.879472,669.607783,604.309382,485.477738,519.061325,510.603401,507.077599,601.423548,571.917571,570.434134,569.931194,645.209912,657.0557,658.905953,653.679612,511.359147,590.076402,570.890859,557.651361,464.0181,598.696234,669.931329,640.072915,584.035405,520.299514,616.486382,680.097228,588.756657,509.261325,652.703564,702.491323,710.329353,823.517456,646.821989,681.54718,667.65639,636.894973,657.404733,792.956114,742.391403,732.934468,744.08281,799.935005,846.329314,822.689492,888.89693,788.286985,711.757822,820.127902,820.00924,779.663962,808.759159,873.310575,832.356508,835.639323,802.949933,862.343263,914.836252,758.192896,806.719842,768.732336,796.609393,767.994076,608.242685,762.511713,822.87196,954.08504,935.254334,1061.917635,951.313226,842.216471,867.615243,947.79864,906.3622,862.95442,730.744307,692.331075,832.093017,891.172428,891.356141,911.915559,845.470327,810.337345,915.364653,N/D
Volumen Gas licuado (3),185.639302652218,180.585651213966,173.568258026067,159.273042003311,151.89405369085,162.43250125841,152.755820730439,156.361450814035,155.385535957761,159.871578597654,167.386788771885,164.173542288105,172.943681164675,182.291694500714,155.332909605239,144.57786984042,132.14218667494,131.782496579788,133.675428318154,142.61577432002,140.031416786282,150.018950939984,164.439485873158,169.714206219496,173.785531443119,177.839124391879,160.321273175583,119.77935400113,118.134874518406,128.744511504603,132.509834720534,136.720650758792,141.987485911302,144.561343357828,141.690024589224,168.84422853154,160.451699174892,153.709380540173,143.054282872444,135.746688155266,138.728037040458,145.036591623986,146.750049011327,149.978498897099,156.269500683197,145.442721453911,170.370546841341,179.565700519429,163.725692367717,171.60986616202,156.184630793447,137.544658529338,146.777412458238,144.653389398444,155.874527444174,157.364001635046,160.879977324948,167.068981702956,168.92915338785,182.234955396733,170.823496316232,159.148690869731,164.106493299001,151.91393139216,152.119097643903,155.154091774546,161.935304719204,160.985613284703,159.416080015701,169.059171318221,186.520058346241,203.916323765848,185.895946402642,194.059317594403,167.340099099601,153.112168965553,142.848715219675,149.95889443277,153.52091621711,160.703869090009,156.973206693357,155.30271726417,165.852187754155,184.149906768664,158.037862410331,153.228029707712,163.009844253092,148.15772065659,132.698221868213,133.781590174158,0
Volumen Pemex Magna,642.584264957432,659.454761801685,682.397168255374,642.791871870704,677.842650393035,672.635900163977,635.655093493182,647.480325611947,617.280932965705,624.885511907475,622.700909559919,628.932875457954,608.780566380846,612.045081765508,600.120915291281,626.377157191982,625.996325295213,612.604105857845,622.078017495007,610.627592946705,582.487189317747,592.278257212035,584.374759954165,611.689484189073,554.589716075874,555.934497845236,522.168486378354,373.89261358184,384.165749433753,403.997158693843,407.783658627088,393.399859052919,395.87544687242,408.457144946269,393.825145212772,428.593188776554,356.694535196034,372.112012792617,452.309522140567,442.77427910992,450.795088372466,457.115017282611,460.219666233364,442.628548679983,446.281439655673,465.089596377774,511.877093952695,555.321949630079,459.719302279085,497.655341860716,568.234989647765,574.227555162634,581.625990329536,591.422223314685,576.871266381567,556.634055414574,554.286981589772,532.403254109474,550.854172263894,547.866352280667,509.425222952226,523.53782880715,526.714913921329,504.605900568269,523.65501408374,543.592682379648,538.187663644438,546.039387572354,539.298244086004,529.771317233021,539.611393199604,549.612903588962,501.451783888581,519.588369234891,527.289699723968,533.749527861978,552.040447395023,528.470628570354,546.508642733037,542.611386725375,516.298463136337,510.962247487452,516.059529802028,510.121774411975,463.882790338324,479.819035801983,500.74726344194,540.81893762898,533.281487351607,508.652655982004,N/D
Volumen Pemex Premium,121.928084159392,117.225459595101,122.07558488014,115.718632448349,122.774209745456,120.329911554983,115.33917967029,118.492594380084,111.813600929716,114.09690457835,114.256268091192,116.09735564898,97.9702928867267,118.117113227447,122.74842192857,118.770671957211,115.036355530718,111.210164066753,112.604599377757,110.740428614795,105.592054041756,108.759419753936,109.841697982943,121.28502753718,112.071888754612,120.760355648559,121.654013583764,72.7682800625121,88.6937595108306,131.020006865489,149.435708892192,158.420639961876,164.284135293725,169.770356732527,165.387527171843,178.514977885406,149.575432769611,149.382643211028,136.555296150074,123.371849628326,118.903798039934,118.508264631132,115.4837274265,106.756955741078,105.639859116797,107.517495876893,119.767231824835,129.47844602431,105.368877771406,109.444742402114,124.961372823622,125.582960564463,127.28933574258,129.56157510746,123.517444380966,123.879529491044,120.624683100527,115.166330404899,120.797703414945,124.609552684133,115.424641150405,117.528588022368,119.656458463585,115.198978795292,120.673484488299,123.526606639578,119.586305367523,123.093368928458,120.666179705386,120.29613441415,128.861964737064,137.459355150854,129.398635228709,133.745069322225,132.753559638064,135.89015779577,144.30865210981,142.122803263859,142.367774674133,145.222328433604,142.503549389256,147.948839508073,152.428101391743,157.715649402631,146.550849405886,152.112868179416,150.077795666219,161.486946113395,161.062386304906,152.438928252063,N/D
Volumen Turbosina,90.3758126684162,83.5847181657427,90.6386711497461,89.7243746574093,82.763308288236,83.3705614429409,89.8896494828654,89.1817676398026,78.753770575445,76.9603898702059,86.9411574522638,85.1907792542344,87.7280112669324,81.2940318878887,86.634970651545,83.5006213039575,81.938809910921,83.166761941281,89.7551138874464,83.8560045872277,72.8936676426958,74.0707854320854,82.0563030418473,92.523247680855,85.9164261595575,84.4234737101868,63.9781412425046,4.90754846569654,5.01582189107532,15.0946920857084,29.4082782222142,27.0262767014639,32.1051350454153,31.250188940341,38.7648144020098,49.3663478090059,47.6232660412919,41.4626943947572,46.4992779355104,54.3340582165888,58.5484768117669,60.5975914759786,69.3922093781908,68.0058501499377,58.1440150576677,68.0213050257035,81.7470217423288,87.8212203731924,84.1971610633066,80.8208687694478,85.5220964378609,92.2997136285042,86.7059629300543,87.8938607781629,88.9033053562282,89.6535024060671,81.1602075903175,83.8689293360318,91.7890365832042,97.8934161862332,94.575699454704,92.1967234342095,94.1892056193956,90.6427379247336,84.8500583982507,87.7272313304416,92.9256096933423,90.5009066497185,81.1896172761722,83.5296458031754,93.4535265138113,100.443653497888,101.5410732416,96.2549643092501,95.1098070244507,93.6811287546661,90.3386634249579,90.7333382408224,92.4069572022585,90.0694976840666,85.3646684687634,84.4235280936087,95.5265526294894,99.2753603733727,99.1625457251676,95.0622615432194,99.7376644819643,100.356774166005,91.9706916913816,89.6830680048244,N/D
Volumen Diesel,325.49229124858,330.192015036367,339.146892609309,334.347377325286,356.01581230534,354.576365122651,333.641702367036,339.154330817362,314.630945549252,320.5895163229,328.033029526236,299.877339250269,290.796400514487,309.007214964648,311.705244741356,308.226937551108,315.611852885509,303.847318451685,297.952606337634,294.709247541875,270.303875267667,275.31042650573,276.626092038861,264.906203774972,258.616110729298,263.653638637158,256.142280614224,198.881608762405,191.697548047193,207.481380978605,208.709412003573,195.172753515505,196.028573823067,216.549364246961,209.312662634042,208.538552144345,177.80474507353,189.960764727509,232.71494232856,218.303229786411,210.153309200075,206.512476359052,196.947238277625,193.484724632235,188.956897627714,203.074440045169,229.582254092848,224.023760825203,193.447756575896,225.854575774292,300.787634699519,322.708794539139,341.641793995051,351.839943268315,340.150211311066,320.956002271295,314.739589234803,319.621938149967,315.562127240531,298.452006327744,274.177206784341,289.088654140792,289.392825872245,267.735297004121,272.036728302215,296.931463922826,295.494180171152,313.035216833769,295.519571520322,290.308789860953,287.740501314191,270.900333241055,248.651897975582,279.004926011089,291.009670333441,317.464803695291,320.800692649474,322.786351885041,314.383157494244,314.357777094754,285.078973909689,276.024375581073,264.42868706329,236.419091011779,228.682466556424,255.374702687803,252.130937793478,303.381581053463,295.79361430581,270.561500450891,N/D
Volumen Combustoleo,76.071599282748,105.581916664464,110.447631650399,93.6788667291824,132.043790851878,117.197950150826,159.132930556242,123.919497381154,133.594234846405,83.2259768000372,68.909321824453,57.5841675141728,50.677198066184,70.1829497126051,88.3818068273825,88.3196882810321,93.9495015533619,99.1820812067406,102.524480838365,95.7651273566824,84.8671035815647,63.3214215289052,41.2312637559661,39.1243127092003,45.6855895104219,41.99737079005,71.6374860437051,63.1549820537479,51.4188322492896,58.9345287033535,46.1252470551838,56.8901573407265,54.1885013110237,63.6664464412833,49.7797140544658,58.3924828179943,76.8940745729793,92.0712127384749,104.613360759343,77.9720345698467,98.4248355721695,94.6865870267377,83.8878898680642,76.1632418204217,68.1748078284698,47.5721810127303,54.8214560445804,63.1902321126242,60.4584970462641,59.3702222231229,58.4522897846234,75.1673642890152,69.798618173537,78.0532810992144,85.2897380587976,61.0675446635892,64.1936813448553,77.3439051759395,63.1823848707611,66.3255837043028,71.9233347965691,70.9497133187218,66.0771134686315,65.7440514713075,86.8842912290044,81.0250466930584,64.4207570271303,89.7812127456028,78.470233050614,82.1272710944416,79.8514097929614,60.7336131507004,35.8303736928891,35.7635002187164,61.7907576151808,35.7127025603282,80.6732008397422,90.9603672702885,112.376335259476,66.8047225919054,60.772715522319,36.7812045354659,55.3395580014091,34.9971896960891,40.2971578303784,48.6075773490303,54.9715539497849,66.1321585618272,70.9393286533304,103.704604798679,N/D
Volumen Otros (4),24.6573094652773,29.617997424613,31.3863123297704,33.8360068168177,25.7448418951918,30.0344838860929,26.1719672023968,32.9575876954688,33.2117893857006,27.1610933124577,31.1694221072786,29.5544181537465,21.6802012323855,30.8319515155374,38.6945682922808,32.3593851574354,27.6863550247243,36.9781456479247,47.6235588750834,50.1242437469955,47.4992737545768,49.7376606335067,39.332882077927,47.4567023362233,49.1527400334735,38.3414817043376,44.7648425171205,35.8234865879455,36.1395811488495,33.3530654052382,35.287169996482,34.0694452591601,36.3154877771092,38.0328394642591,27.0169451149463,25.3093220820467,34.3547172095288,35.2970904846375,32.7182764485868,36.2682509551007,33.9606131329671,30.7300811647329,40.5579903848709,24.9941373678468,27.0505159020945,23.6110674515726,26.0679731983916,41.8006420706608,29.3092601167322,29.4390196085527,41.2308977451817,44.0451901669909,42.4663947956517,38.4424199082653,39.5119478116949,29.2632939211662,24.3280902204303,28.4581828573548,23.7448124400941,29.9484681249315,35.6540906366589,36.2043861892522,39.0718010772473,39.3246223796291,41.7086904291311,42.9645832795273,48.5019077459786,47.2948921259048,43.9503829110781,40.2277319180237,36.7173406414701,40.1129321326221,43.3986271138355,46.0622870133233,39.2246863580411,49.878396618734,52.4767810385768,34.3241916157437,48.3323291186241,47.4267198603741,32.4283227932326,37.3470527880174,37.2550047165413,43.3956979022067,63.5721432678531,41.3092795719515,63.825019034449,60.2830316023213,35.1348420724955,67.6840515002731,0
Volumen Gas natural (MMpcd),2381.98645095114,2328.23535495223,2284.45451395312,2243.11199795397,2195.51515895496,2274.02266795334,2001.27709495893,1909.32419596083,1816.90566896272,1926.84064596048,1776.37466296355,1654.58903296606,1701.32516096509,1694.15250096525,1643.89935596627,1584.53833396749,1686.95644996539,1719.72799996473,1575.98967596767,1609.58806296699,1601.19966496715,1571.93225896775,1510.43333296901,1361.80999897207,1421.64999797083,1396.22241197136,1363.89483897202,1256.25766597422,1194.91870897549,1322.14733397287,1426.24677197074,1457.6054849701,1371.80066497186,1233.87128797469,1187.56233397563,1120.79096597701,1167.03193597606,1106.03964497731,1242.42580497451,1184.4043349757,1161.14580597618,1258.27566397419,1231.06419497474,1178.56419297582,1174.6396669759,1101.91419197739,1080.09433197784,1154.79967897631,1184.6180639757,1042.18928497862,1152.37354797635,1136.36666697669,1196.03903297547,1146.09510897649,1163.06225797614,1148.22354797644,1096.7442359775,1126.71161597688,1101.4109039774,1002.99322597942,1015.57903197916,1015.28000197917,1092.24290297759,1112.60299997717,1164.45290297612,1236.53333397463,1297.55645197339,1313.41741897305,1301.1912019733,1251.46644997433,1243.98399997448,1156.67613097627,1234.65451597467,1270.85379397393,1307.22967897318,1305.72333497321,1343.43193497244,1426.35733297074,1475.66838596972,1454.02806097017,1412.10533097103,1336.81354997257,1340.7773329725,1253.72387297428,1159.34838797621,1238.63690197459,1259.12162797417,1288.29799397357,1305.87310897321,1374.6739999718,N/D
Volumen Complejos Petroquimicos (5),163.923241,144.98824,153.654002,172.098652,167.62045,125.264346,180.36214,142.830112,127.233112,119.475207,145.112799,143.28457,150.855164,156.731287,146.309892,120.716667,116.701736,137.572831,105.05224,112.555739,75.365987,86.476703,102.861148,106.148416,106.026023,104.211662,115.739784,95.8329472,80.5595718,47.826235,53.403852,58.147301,46.8286674,89.754658,112.547818,108.297935,76.28095,89.25887,113.012111,84.314949,70.344699,54.7100608,57.94394,102.7545591,95.7871568,95.3106309,120.5034625,75.608247900015,62.971073199928,84.990910001652,102.325253199936,92.759349600651,60.045695,61.251968600054,101.2931197,104.6380298,95.695846499932,95.717983700576,104.040126000479,57.96506650009,115.441277999846,97.224644,95.349771,71.372877,37.377993,28.976505,59.748743,75.654003,60.686962,97.721238,116.557634,102.523278,110.633971,104.378919,89.555347,63.869828,69.194536,56.306672,44.427559,44.890906,75.696565,58.098548,42.147522,77.450113,84.769033,81.837306,88.197891,80.256974,72.938673,58.780691,N/D
Volumen Sistema Nacional de Refinacion,39.106734,30.845732,36.913911,31.575973,39.327242,35.749235,32.51333,33.060017,32.936996,33.615637,36.960155,28.97697,35.180941,29.571366,23.321106,15.784059,38.399622,28.817686,45.01941,38.313819,31.618492,29.40466,17.868609,29.901972,34.739299,30.903219,29.725348,20.900277,22.304515,29.888486,26.657732,8.934207,18.86825,27.766897,21.792338,29.907354,43.612833,31.395427,28.911046,28.048261,22.546076,19.906397,22.784854,17.149881,16.694619,21.698534,16.107615,20.548654,27.808574,26.784262,24.420356,20.49572,23.916559,24.0244,24.709902,19.787499,13.37693,28.699368,26.466365,22.891966,18.661909,19.395965,24.772364,13.684636,18.474526,12.843976,13.398073,9.304164,9.756495,16.196193,14.425912,10.723693,13.756779,15.122735,19.281402,21.068564,15.467029,13.711904,17.988445,20.854221,20.379785,14.120134,18.724974,24.211329,25.871197,24.799045,27.47371,23.418213,34.023629,31.853402,N/D
Volumen Complejos Procesadores de Gas (6),48.189316,48.459716,58.152127,53.860713,54.655876,50.038347,44.359509,50.134755,48.79313,42.599505,40.363805,41.112459,45.885957,41.21612,44.05302,44.476009,47.38824,43.42415,49.95542,49.619782,43.867435,41.964441,43.866697,50.833966,51.535911,39.629256,43.057413,37.883345,36.856323,34.362358,35.898068,34.547838,35.81326,33.097975,26.46112,27.082202,28.543928,26.18243,28.63708,22.086287,21.341903,26.525342,32.356055,31.307074,34.874346,44.344575,32.32497,31.243063,38.908893,37.598503,39.503076,37.137712,33.087313,29.00025,29.205706,29.972803,28.785804,32.934012,32.978518,32.50318,28.913695,22.739383,27.219717,35.766704,30.88288,25.204069,26.742351,31.384134,28.490317,27.835078,28.281521,29.080153,36.848318,33.684352,31.979521,31.755901,30.36381,23.204245,29.594923,27.542149,23.524086,22.839372,28.610198,23.629529,25.267007,25.488633,28.571884,26.268492,28.607224,34.691261,N/D
Valor Gas licuado (3),5486.60585615,4343.30171632,4482.81130858,3547.69686193,4064.51145907,4445.24232383,4260.11510683,4316.92497665,4508.80479617,4745.09948705,4165.00651272824,3838.7453004946,3700.22071774,3536.88548335,3430.2070084,2796.08614816,2505.63561557,1970.86933955,1997.68671623,2060.32534134,2110.71238697,2487.3451518,2834.45118127,3111.51820277,2722.6828257226,2431.3697806236,2402.8703345766,1669.8216789041,2031.3755364936,2361.0273970672,2569.23986782328,2765.6317085062,2637.17846415273,2980.878691694,2891.6078357194,3630.54697755464,4228.0265455714,3951.1351904975,4411.521512585,3646.00260521,3754.4065071825,4234.5111177275,5015.5672732168,5287.73523526,5686.5644326425,6446.6600844075,6923.5792521575,6522.99497856319,6225.4123075064,6327.6807057133,7067.3220058398,5638.6582981282,5993.2606446962,5348.4211912328,5801.6288371082,5522.8502189744,5270.762935387,4968.93717452,4772.0074550111,4746.30272096,4725.21257998,4211.2031344334,4294.5467484412,3675.9887913554,3270.4869657724,2768.6413137146,2859.9043929804,3200.925512493,3263.8579591614,3676.8477261732,3679.6452354676,4292.89229398,4146.2419113584,4621.2106850058,3871.2141286068,3444.0811352868,3036.7630720984,3287.3158197914,3824.287931717,3949.0801096482,3708.4684209654,4075.1436681042,4711.1623482276,5398.8992513758,4802.6623770886,4296.5494603418,4997.706015412,4232.9854140783,3822.4132912896,3498.143545563,N/D
Valor Pemex Magna,34221.77295917,32083.91043879,36503.67203753,34287.98953104,40921.47230385,39894.57046129,37626.08840463,38190.46135988,35603.31484293,37458.5593327,32021.79779363,30024.41103858,27344.94642381,26609.83605987,31813.33000239,34973.31222405,36199.24901615,31010.191086,34208.65893749,31367.65105999,29982.17171513,30673.68663591,28754.5943953,31082.52624588,28240.81264312,24748.87754434,18680.24012253,10009.6570171,13847.42276183,16281.76704084,18023.2720298,17197.05439664,16338.54419113,16655.1836248,14555.24202296,17678.71404284,16421.36146746,17154.65037953,27066.01526785,24257.52273205,26392.74901737,26834.3696413,28668.13152507,27385.53896433,26508.86656329,31267.75232219,32935.52479743,34346.45778437,31292.87506191,34184.2021204,44627.18080698,44042.86613347,46202.05150387,45577.07374778,46417.04345068,44277.21790385,38995.61023657,42453.54900186,37883.24465852,32732.16014559,35143.25143919,31609.21879846,34447.49993052,31976.32301828,31118.55278286,31185.85208236,32999.4743064,37679.06857502,36139.2230979,32425.04778682,28143.14370857,28389.01759655,27113.1940035,28645.56936462,32299.323317,32074.12849664,32309.9620555,30219.22211207,34208.29412737,33939.19257286,28719.37142693,30269.67512583,29569.89670891,30162.8931995,29629.30823357,27346.16173274,28900.42079425,30045.03473653,29855.93526866,27720.91803172,N/D
Valor Pemex Premium,6995.28128763,6128.56989004,6909.78463579,6580.73599714,7827.13071308,7668.14028823,7225.10264402,7344.6469125,6742.10616031,7270.82764996,6581.9505013,6562.78390774,4970.84616051,5463.0006437,7045.97518401,7064.52217147,6980.71132077,6282.60239303,6743.7291981,6442.78562107,6068.08386535,6163.01117742,5801.04339216,6511.68405664,6091.39638236,5798.51957143,4926.64590232,2253.53300059,3529.08657764,5611.46055645,7074.26531332,7421.90249648,7317.54165657,7665.02015753,6825.50808024,8143.17438618,7544.31930907,7436.52203569,8492.65945302,7162.71250297,7451.24411328,7419.93710874,7783.00323725,7124.21982127,6827.31654805,7765.33667061,8242.20235172,8508.62232673,7523.75344705,7927.91446188,10725.08898683,10632.42359597,11173.80813737,11031.61681133,10971.23421631,10585.48257195,9244.42385299,9998.57476684001,9099.47042437,8009.25258236,8548.33262281,7543.01128648,8450.64136062,8233.93946759,7954.83282716,8008.70157217,8118.12992681,9370.66760869001,8963.42547139,8197.62682687,7414.11800258,7905.75992978,7839.55935251,8128.16326456,9080.15850701,9029.62487359,9270.15866857,9066.56188318,9768.50354966,9833.59862477,8737.18051563,9612.60530945,9635.60990836,10254.26384021,10003.32746782,9197.14964148,9947.66061611,10190.58379524,10230.3216813,9467.17754591,N/D
Valor Turbosina,4646.96540685,3756.71257951,4432.98150878,4436.72747581,4803.65680804,4921.5945642,5158.9531349,5031.38171503,4587.94263375,4949.87169902,5343.08918395,4724.03915337,4574.69539252,4077.46234101,5118.38100155,4808.39405946,4988.2692112,4514.82697429,5153.99986933,4690.39983185,4128.21712677,4163.30466967,4356.37392037,5142.0457432,4713.32958398,3698.12305935,2701.29352702,152.16433925,157.12866681,557.69063174,1240.43581181,1140.91120962,1155.00586597,1177.75417095,1420.87531641,2041.80209604,2056.0033306,1777.07024698,2472.38665684,2648.13539148,3050.35301894,3182.45203103,3877.9995661,3709.51401349,3230.44103414,4524.41077263,5314.41784951,5635.24857853,5791.04637979,5616.13438308,7956.89975864,9040.26672943,9532.36183083,9471.1426036,9340.04392298,8481.95781246,7501.03960773,8288.34732216,8188.61283576,7777.34497675,8774.20993603,6739.56718355,6864.71719607,5737.47888356,4861.24813515,4820.6260427,5404.19143086,6352.06127863,5855.00801346,6198.94134315,6358.70845564,6109.20513862,6296.01271465,6056.8541282,6100.21805752,5756.83528587,5408.09185503,5408.08277323,6023.80246852,5564.57636585,4924.87901349,5050.80802739,5714.99875073,6270.49524404,6830.35329475,5924.30925475,6354.11178968,6070.00295682,5231.05355653,4994.5220025,N/D
Valor Diesel,18583.44595598,16800.80355812,18685.23289762,18267.96860185,22139.50041609,21863.80796103,20285.04221468,20447.59094013,19284.15808587,21085.30287669,20269.65558266,16466.95115585,14934.35171799,15800.77163289,18233.95151473,17706.31742957,18929.89369384,16237.22585448,16715.328953,16188.14351623,15227.91587213,15617.36785444,14686.63965619,14787.73849981,14110.24079514,11820.17727762,10900.3991791,7070.98047597,7083.37473913,8488.54555305,9399.26457142,8651.59694093,7594.13432348,8426.05427669,8056.41841502,9014.73563082,8171.5827289,8782.35785473,13083.34467183,11109.7913104,11912.33777113,11815.78840631,11547.21996222,11113.11202057,10730.89130987,13619.56176028,14700.1825952,13820.18597381,13512.91215366,15685.7501909,25162.7700782,26641.55903081,29171.96888863,29135.26835572,29440.11458698,28028.3390135,26699.33249383,28037.94550402,26695.38773183,23060.89017571,23428.28032735,18670.91067727,19641.22784484,16360.72802218,15532.62448241,16235.0321803,17429.14561292,22028.74528109,21521.56646877,21489.28567637,17947.1439949,15746.92312122,15063.74117159,16739.97101131,17823.0137242,18753.8060173,18520.6826976,19155.52562695,19762.78340543,19142.18698548,16334.58252119,16707.70209424,16033.7209445,14705.30789282,15998.66972288,15738.66437561,15863.71857398,17293.80148258,16662.85411188,15708.13433213,N/D
Valor Combustoleo,2433.59379832,3021.34798666,3323.28384747,2663.75747469,4710.63702442,4246.49293506,6016.93358328,4562.00558625,4833.4985379,3326.93943431,2714.52539777,1925.88150523,1596.24357488,2160.33829461,3344.92966635,3124.04520179,3540.27512163,3165.30475235,3542.87077684,2737.06675621,2213.39721859,1720.22451456,763.61600929,881.48053808,664.90595105,824.35388215,1349.92104902,593.79929046,775.49889294,1033.69459228,1012.86823591,588.75707737,600.28436238,649.59861924,358.73201781,687.12472509,932.62171088,860.17907121,1939.68307584,1401.8872864,2277.51824402,2500.88757,2079.62161342,2079.72331573,1458.75898925,1511.34834976,870.17513962,1435.76173048,1285.83571676,1131.7463553,1336.99907538,2253.35991808,2043.43856042,2568.9234138,2755.26478653,1533.53066824,1412.22177441,1831.76945052,1741.21818364,1313.43642834,1447.27155443,1315.87793206,1228.97083836,1326.81941513,2054.11015404,1655.40851055,1520.67455898,2738.97917811,2362.28322621,2578.92599274,2331.35629333,1857.46798028,1148.20034248,977.08137349,1871.11105782,1028.67895441,2349.81509094,2679.63156716,3959.61919649,2323.87645416,1800.98405987,1005.57706175,1707.51299921,756.98594482,1144.87500291,1161.55115803,1296.49319934,2174.77832676,1582.23774851,3139.09025864,N/D
Valor Otros (4),621.46367045,668.55649379,735.2971761178,702.88420908,807.55390683,758.13434133,838.65556044,910.41463861,935.60696768,961.36541132,769.21419132,802.87587171,277.17661002,352.7589186,632.75089519,768.27100394,701.02949488,806.85625638,1018.6630526,887.96129318,749.17183392,639.77423858,645.05024116844,685.22373896,606.94297112,523.50070749,545.14020952,352.17850689,428.20741918,499.578521932362,536.36844508,495.3297719,421.5014351,560.35157485,413.21817709,391.25403843,463.31730215,521.48707669,673.40222254,554.54652282,586.25248535,618.92749243,737.89840891,532.47116432,465.14092128,609.18302557,680.11093854,853.65046523,599.47592489,601.45069007,957.59492345,966.64848235,1022.72101312,897.52622128,1155.87739936,964.33348241,736.56707747,918.39545429,912.44226159,838.38996482,908.26670569,790.60058684,964.32360992,832.16490875,920.83719236,804.64506581,830.36741998,816.36898946,833.97742974,735.09652641,880.09531273,800.85970363,824.9547921,841.65030456,897.15078293,906.11288331,901.60056478378,747.73937982,907.93305489,935.57607992,812.22722028,804.91288242,765.37763745,693.06467324,755.14926096,618.50551917,938.22746349,950.02374664,788.87500789,939.22926952,N/D
Valor Gas natural,6321.60467503201,5337.59295348401,5077.138213608,4944.6944933,5256.25043988,5767.923566166,5105.77208839801,4192.866661892,4056.770864837,5171.861248517,5127.727950952,5995.22863657595,4992.85269248,3719.55745836,3728.0540528,3471.35791579,3836.30443401,3450.51614124999,3212.77727774,3116.90763619,3274.64991207,3152.30138316,3057.80258951,2722.44590397,2584.75033067,2259.74332426,2313.74778216,2386.48847207,2453.22973241,2375.28130482,2597.20292001,3160.57094799,2930.72103014,2927.30595527,3042.29056213,2822.94793986,2819.07237637,17601.24658937,3149.17108224,2882.52535166,3114.5719122,3364.41035027,3741.4893042,3829.94058401,4213.55448807,4805.20227458001,4426.19124311999,4240.88161378,4107.4485655,3965.23017193,4164.61661706,4900.06455716,6680.10922706001,6434.61028696,5770.42215965,7019.1171819,6034.23460478,4406.6101726,3680.73334447,3967.40451385,2946.97829993,1915.60371211,2083.99176239,1808.57546955,2034.49161381,2274.31239847,2615.24408432,2574.78577489,2539.73981955,2576.6241728,2580.26424968,2268.4332500224,2741.37441222,2047.61727466,1840.58869097,1654.51712724,2103.02588647,2478.31979965,2484.82095351,2336.95862697,2475.57229328,2617.78006493,2290.8523309,3344.3417803768,3694.16050106,3267.37042106467,3642.6584228205,3308.93943032,3244.99368363,3047.77418100916,N/D
Valor Complejos Petroquimicos (5),1849.80920108,1707.20583751,1806.83476219,1823.68476785,1880.63867927,1625.29194149,1992.74898039,1731.8868488,1604.31860627,1626.83633551,1888.29355009,1761.0775006,1736.7341022,1634.84309084,1603.41091235,1362.56492958,1381.66263334,1400.9697947,1127.76848273,1204.97669895,913.52604197,953.7483728,1083.99916221,987.85255637,1036.36430011,966.17322233,1116.47468906,822.9154456,600.33058828,503.40732584,752.04923102,734.87459656,631.0846608,942.99558232,900.85713751,972.44263964,927.43080722,1250.61116414,1302.0717309,1110.05162715,685.46725142,671.12474283,956.00369392,1265.6728537,1203.58987686,1233.84292602,1842.27135429,1672.42782645,1365.98107413,1440.39870482,1595.85434767,1464.64890621,726.55079182,870.10125272,1350.42195556,1526.64398577,1340.86311758,1380.69803756,1545.90077363,1120.20949816,1726.11369345,1179.50662847,991.45170772,576.9723503,461.4290597,383.93811934,451.84816064,432.72299514,479.78380541,857.51669418,1069.04611116,876.98628943,813.36554246,760.47511143,641.3552561,438.74969934,424.93569446,370.38924863,394.81950081,418.79590249,620.26031857,520.53411856,414.38856675,625.96308233,712.76844753,654.75251373,646.15989113,514.82258557,495.52223314,439.74293405,N/D
Valor Sistema Nacional de Refinacion,339.66177123,311.35260507,329.32304215,270.15370058,357.17122275,360.44684023,366.70070403,300.42372147,257.22839576,305.33610382,373.71689774,236.51362526,241.02806935,241.10411651,213.37255629,143.91581465,290.44165232,216.3090079,244.1306126,219.23465467,176.87513147,177.04863908,111.80248483,147.13681894,164.67079599,145.99017618,142.59098879,75.2443441,82.71724049,120.91437245,122.12092775,48.30024664,105.86309971,151.2222546,113.18096479,159.41238946,249.05253804,201.61399916,308.55609217,341.30713361,273.28426413,335.00305382,370.48819796,312.57017334,347.02615914,370.65660133,281.64111957,301.38547986,346.43162249,371.40423958,387.34158789,417.24706809,433.69128801,346.54047682,319.35862294,237.07479602,171.59406485,292.28885431,237.34445615,178.97693966,139.58413622,191.37168965,207.39845645,133.21482155,167.12255986,110.01216137,92.13911553,59.26778155,60.62528722,126.03440546,158.35072951,126.53060331,166.50381438,188.15348402,226.03804923,230.48348973,145.54198149,142.09190892,188.17180851,235.81292111,241.38216545,148.64838906,180.93823658,228.71828347,235.446959258622,249.771452357242,285.563211844827,213.697650887931,265.890575146553,249.589170568967,N/D
Valor Complejos Procesadores de Gas (6),171.35465987,167.723098056773,181.81291469,174.88955,195.15155947313,195.7778236822,175.17771415,206.83076691997,192.0205678561,178.71653584158,177.28810207,174.06480030542,171.5870046666,141.616883323138,164.4676393564,180.88204806,176.40417909,160.37397495,179.551668654281,173.471323789831,158.937971024673,144.853957172944,132.922927286542,152.814943324512,162.2636462016,135.5955385964,146.5633246452,96.563807594,81.0278901236,93.357474236,115.4120793116,138.1417256536,140.033471758,137.0948971416,116.9523508192,116.4875079152,133.9439119832,143.47240023,162.7544158006,157.99800486536,154.1865087321,178.9695071735,235.9749313121,247.1729911654,262.486441678438,316.700146321776,290.538771986195,206.753946119534,290.665953618553,301.500340479341,354.001619466592,412.39778282628,339.161382943317,318.6880697337,293.2449291726,260.3828731861,257.5638779548,218.396375571349,194.597748513211,148.307271057846,108.261410967766,96.747246347548,139.888883321,167.07064074663,124.3865405627,127.354825646,133.429189020759,140.42197905994,146.385868047675,181.8602250737,156.276529954071,142.047947457845,169.922210049702,153.6188621982,169.30046488246,202.458997722925,234.090549884354,153.931820327932,202.37197901786,204.503840837389,177.940327883177,165.273048087624,219.9849545264,160.632941122356,180.47885173546,214.914457454,220.776962574,186.52121894735,229.781769222884,226.668732240154,N/D
Volumen Exportacion neta de hidrocarburos liquidos,281.131560768326,553.289601627668,325.194693490696,472.149791404712,503.174542865168,305.5613102637,213.712330230651,329.534175267309,399.127088207488,136.197991587498,200.647033460442,239.34543528431,311.858660182777,611.796619078435,362.58861729337,205.611180822427,488.835086142978,229.139909646147,408.556657488674,412.758549333384,340.418866549393,276.405112884971,437.87121032054,405.378710377902,587.144382049086,337.51680258473,434.168146746476,855.241772644375,843.402070978512,924.289875347653,693.006118477963,765.624470293475,666.781110080959,508.222953070655,618.070928686056,742.910284950367,598.476810246517,715.281545568011,687.277251523849,514.241986150926,555.198217613671,617.057531876411,691.864463867886,711.039790699248,666.490306690513,663.840177428724,625.539597812668,507.14589946458,421.198247548678,630.236839789306,465.748886583146,492.953111025486,335.453539172017,327.032138787361,290.436809911085,316.630414601588,476.649774838916,372.36512214381,419.616998984415,387.295625867946,501.800425806682,444.529648614059,504.746135109185,507.347289794046,636.439393464047,725.625500603429,530.214716278275,457.846785651542,497.932598617852,390.744532402324,293.741318705691,361.652176153672,575.294713197673,519.250721207028,391.012885350452,307.608271071795,383.193097169136,172.895875503455,281.230463693147,212.572665932668,215.991051767567,389.297046934063,435.19775351604,269.055899559051,141.890313767298,346.474939225863,318.724617864573,276.953442572756,233.78024171687,135.236656393981,0
Volumen Exportacion de petroleo crudo,1106.42441935484,1451.36560714286,1176.23483870968,1265.46586666667,1221.52009677419,1109.79303333333,1155.84777419355,1180.97838709677,1205.85413333333,1026.55696774194,1134.593,1198.19567741935,1071.45825806452,1475.28585714286,1150.29225806452,1023.42276666667,1204.71883870968,995.031333333334,1078.7944516129,1081.36732258065,994.605933333333,962.953129032258,1114.39536666667,1114.45532258065,1260.45625806452,1093.23368965517,1144.04980645161,1178.4496,1061.6885483871,1114.0334,1050.47964516129,1190.28374193548,1023.2074,907.789612903226,1171.1916,1242.22593548387,978.766548387097,1005.84007142857,924.724032258065,923.254866666667,1030.64474193548,1105.97983333333,1172.19983870968,1097.57922580645,982.431533333333,935.137774193548,1024.5552,1036.21248387097,832.097322580645,925.310964285714,904.688935483871,1023.62536666667,964.44935483871,1029.1478,1061.42516129032,914.540548387097,1021.44786666667,970.72464516129,893.884533333333,899.48470967742,979.724709677419,948.913,971.12464516129,989.176933333333,1086.83380645161,1203.05286666667,1051.61580645161,1076.27593548387,1119.21056666667,1052.90464516129,882.539666666667,1026.21593548387,950.006580645161,940.187482758621,686.516193548387,681.4147,910.790548387097,753.538666666667,778.988709677419,730.941290322581,656.254933333333,830.930483870968,950.718833333334,807.333129032258,532.275451612903,709.793357142857,751.094741935484,647.753166666667,673.634290322581,458.102666666667,N/D
Volumen Exportaciones Petroliferos y gas licuado,115.118667354839,121.91635775,180.802655516129,165.423381633333,205.674201419355,128.4282912,103.121068548387,106.334164483871,115.712792733333,115.910324709677,130.017023,104.529721935484,112.559648677419,104.090334214286,96.738253483871,110.6441751,117.259707387097,103.5407689,99.8869374193549,108.010633096774,111.436007366667,126.102401548387,167.7926849,138.259724548387,150.124002709677,80.4075873448276,96.6202249032258,140.277811533333,168.019448290323,160.4402783,151.116617064516,162.889211645161,183.911138366667,149.199895774194,91.1910377333334,133.628680516129,140.872944741935,154.648508464286,183.582780225806,174.2026952,131.936189387097,135.900033066667,155.958716064516,148.584557258065,206.7397415,234.321258677419,172.7067439,175.856553225806,182.832875774194,218.056682535714,225.273441225807,191.3670622,175.774760516129,157.4945787,184.45262383871,224.088102967742,196.649940866667,219.276571387097,221.8757101,198.182977741935,219.173360322581,222.072466785714,255.109240967742,214.939376,221.141319677419,203.153143666667,155.928478387097,180.476726129032,167.275752,143.72184516129,143.624043,176.857831612903,267.630684032258,277.624144551724,291.371981064516,277.787463,211.491022322581,182.858126066667,223.097474483871,218.939341032258,236.837004354667,185.385278433548,164.861741529333,162.511102646452,166.385065287742,231.282098964286,206.261410873548,232.605530424,182.107427254194,152.181223357333,N/D
Volumen Importaciones Petroliferos y gas licuado,940.411525941351,1019.99236326519,1031.84280073511,958.739456895288,924.019755328381,932.660014269634,1045.25651251128,957.778376313336,922.439837859179,1006.26930086411,1063.96298953956,1063.37996407053,872.159246559159,967.579572278709,884.441894255017,928.45576094424,833.143459953796,869.432192587186,770.124731543584,776.619406344036,765.623074150607,812.650417695674,844.316841246127,847.33633675113,823.435878725107,836.12447441527,806.501884608363,463.485638888959,386.305925698908,350.183802952347,508.590143747844,587.548483287171,540.337428285708,548.766555606764,644.311709047278,632.944331049633,521.162682882515,445.207034324846,421.029560960022,583.215575715741,607.382713708909,624.82233452359,636.294090906308,535.123992365269,522.68096814282,505.618855442243,571.722346087332,704.923137632194,593.731950806161,513.130807032123,664.213490126531,722.039317841181,804.770576182822,859.610239912639,955.440975217947,821.99823675325,741.448032694417,817.636094404577,696.143244448919,710.372061551409,697.097644193318,726.455818171655,721.487751019847,696.769019539287,671.535732664986,680.580509729904,677.329568560434,798.905875961362,788.553720048815,805.881957920257,732.422390960976,841.421590943102,642.342551479747,698.560906103317,586.875289262452,651.593891928205,739.088473540541,763.500917229879,720.855720468143,737.307965422171,677.100885920433,627.018715370453,680.382821346626,700.788332119658,556.770203133347,594.60051688128,638.63153494446,603.405254517911,621.961475859904,475.047233630019,0
Volumen Exportacion neta de gas natural (MMpcd),-1654.74663400058,-1548.1568859993,-1471.11492199976,-1514.91749000059,-1513.08263200061,-1456.17683199977,-1266.85333500041,-1099.40387700051,-1063.68675299961,-1261.69673800047,-1022.68242200015,-925.560563000228,-1067.36226800047,-1058.91485500019,-1063.22839199973,-985.08246700036,-1025.51210699995,-1051.79465000029,-964.556982000436,-926.23875800027,-905.789144000124,-900.897331000245,-848.631554000399,-792.967008000329,-896.542029000054,-849.258017999671,-847.737487999608,-771.62491999971,-695.672158000234,-819.824369000379,-925.596116000215,-914.171280999713,-861.791747000414,-912.02126499994,-878.972686999748,-849.400031000316,-946.666488999804,-913.647676999699,-1002.58919499949,-934.527345999923,-928.994331000417,-990.44796100049,-977.854118000486,-964.503539000334,-795.111489000312,-872.07441299971,-805.543366000278,-711.685688000113,-672.699499000281,-602.249444999713,-619.152177000158,-643.324206999792,-710.304290000016,-588.974142999906,-416.905041999895,-508.389571000228,-438.000550999957,-506.179455000213,-391.263042000062,-283.711932999871,-283.880049999935,-275.693897000016,-356.192703000166,-292.420712000108,-388.265831999829,-539.368997000125,-497.834482000159,-514.102410999989,-588.767054999747,-575.261133999941,-601.682523999747,-626.286407999981,-737.732790000378,-701.536759000095,-627.685342999991,-686.636926000165,-669.992828000266,-730.344788999888,-849.487974000204,-893.441528000003,-832.121779999769,-687.307923000076,-693.251489000148,-732.531224000024,-783.683746000271,-856.719417999762,-789.675508999718,-836.774531000007,-1008.51459399949,-1044.44495100038,N/D
Volumen Exportaciones Petroquimicos,0.04398,3.275769,3.347936,0,9.410698,3.404126,6.182629,11.441039,4.142778,3.335951,6.731492,6.439445,8.097828,8.395264,3.307927,6.395597,6.699287,7.745014,8.348951,4.698765,10.121407,4.948296,3.149597,N/D,9.958075,4.629315,7.878593,N/D,N/D,3.149872,N/D,5.566094,N/D,2.799833,N/D,3.785545,N/D,3.144056,5.03201,N/D,32.843159,21.5488,2.161745,N/D,N/D,9.010513,18.055699,15.630919,N/D,3.877904,7.65732,N/D,N/D,N/D,N/D,N/D,4.305307,2.471664,N/D,N/D,N/D,N/D,N/D,N/D,N/D,4.137463,3.399532,N/D,N/D,N/D,N/D,N/D,3.448291,4.284457,N/D,N/D,N/D,3.025831,N/D,N/D,N/D,4.093505,3.007585,N/D,N/D,N/D,3.981889,2.49831,N/D,N/D,N/D
Volumen Importaciones Petroquimicos,46.149471,85.014126647,86.44291,58.932617657,39.187255,69.189146094,81.177742,56.494519,70.341797233,71.55234,96.872308,70.45088195,96.944911,152.827938,96.866322,81.810341,66.920282,69.758885,77.982594,52.721682,15.663399,49.336804,70.016701,50.428928,70.565539,45.49195,41.763995,23.685768,30.132625,7.681478,35.66508,39.640627,12.697397,28.064159,26.509844,24.06525,33.639147,42.368164,46.861282,13.747947,10.000181,16.810743,15.959192,17.641179,28.483568,27.823086,38.44749,57.441188,35.427068,41.876967,34.919941,17.864143,15.503614,18.813924,19.552112,22.112231,44.317122,25.45363,48.548007,49.478698,59.53519,36.652317,40.095453,19.962457,22.936086,25.342031,24.884308,38.077793,43.586965,36.079738,44.970911,60.588955,44.492569,35.058465,13.852665,9.21393999999998,0,8.86753099999999,0.961755000000011,5.041967,6.806005,11.218796,8.14303200000001,1.996222,7.08476300000001,14.501638,12.17578,0,7.53537700000001,7.13522500000001,N/D
Volumen Maquila,N/D,N/D,N/D,N/D,N/D,N/D,N/D,N/D,N/D,N/D,N/D,N/D,N/D,N/D,N/D,N/D,N/D,N/D,N/D,N/D,N/D,N/D,N/D,N/D,N/D,N/D,N/D,N/D,N/D,N/D,N/D,N/D,N/D,N/D,N/D,N/D,N/D,N/D,N/D,N/D,N/D,N/D,N/D,N/D,N/D,N/D,N/D,N/D,N/D,N/D,N/D,N/D,N/D,N/D,N/D,N/D,N/D,N/D,N/D,N/D,N/D,N/D,N/D,N/D,N/D,N/D,N/D,N/D,N/D,N/D,N/D,N/D,N/D,N/D,N/D,N/D,N/D,N/D,N/D,N/D,N/D,N/D,N/D,N/D,N/D,N/D,N/D,N/D,N/D,N/D,N/D
Valor Exportacion neta,-388.124735564616,-96.51234702603,-355.000753951011,-50.8758694596231,15.1352245350406,-370.488498438405,-523.237365622535,-234.464289887981,69.2084551989655,-582.856385884476,-529.145966540172,-376.663443297094,-9.38217336033589,521.059194773179,16.9693102712332,-342.282368913626,99.961857381762,-365.791099339412,87.4793259470481,-157.231768689172,49.31451321453,-327.088212965435,-149.781889349092,-45.2252584492172,96.101236364755,-480.698890194234,-512.61274941218,30.5967672729839,338.904865147884,733.437089073336,461.3347665865,572.498909358323,407.64918252947,249.645003444965,471.683957549072,835.691801427498,689.020234091891,82.6509634552591,885.70799418044,534.878360280623,687.272133570905,799.114082414174,907.930026011648,948.35384343586,907.36048034187,919.960036750927,749.886155624253,506.81787587774,540.621543870894,1101.54769278985,847.642191898856,427.231944866627,-310.939230075544,-660.797912389914,-1134.53177614371,-844.769453327672,-291.923807767648,-673.932606177951,-365.22037780188,-404.882883672455,-133.389764982985,-378.107201019339,-238.592481936631,-4.36237796612286,166.409213403067,457.693345116268,363.704052063667,-80.7694434482829,-50.2760524859676,-172.791917198054,-321.322239662331,-255.657276399863,373.333542518791,172.768142295867,131.989340266712,-43.2377997884162,107.08616610179,-350.448881814956,-180.153015097764,-299.862993420105,-199.622570656094,289.906976697155,370.555552886583,62.085569226731,-216.978932789923,118.01638532714,43.5567080052021,-43.2738338447288,-153.789881581763,-140.864872575257,N/D
Valor Exportacion de petroleo crudo,1979.40438659,2299.67776892,2089.87903231,2239.45827095,2375.48920509,2150.2987781,2377.04147997,2348.92466366,2469.3932304,2268.7037097,2021.30486421,1920.70840349,1785.81086257,2347.01383321,2103.09587334,1899.38392723,2252.48936061,1696.89825319,1932.45606541,1659.63297461,1644.12499853,1510.51283251,1706.112554,1823.83099627,1904.72654417,1276.19196267,1009.94614054,604.58082651,746.05044532,1130.01036086,1190.85087045,1442.60268199,1175.34413448,1095.66148568,1452.61913628,1826.43270682,1589.29160684,1614.94150159,1720.33649449,1700.35638272,2055.65015742,2220.67665586,2487.74169112,2306.07511974,2029.44307204,2091.74102404,2309.86714941,2322.22096858,2022.81283846,2272.99358809,2814.63724059,3139.5871372,3116.71187165,3271.28091657,3105.67724722,2445.80743004,2501.2687356,2351.34202604,2060.66901337,1944.70711178,2047.65302562,1780.42896607,1911.84544631,1993.77980907,2191.19697616,2366.36975719,2356.93720688,2559.2997586,2746.47310307,2629.90781909,1967.35279609,2202.90057499,2089.47595696,2002.23017485,1570.07236107,1551.62202968,2103.60039096,1635.39395838,1723.20942748,1601.16936652,1291.48484836,1683.89351709,1851.9686472,1621.9854479,1092.48927566,1307.60731325,1458.29202818,1188.3624132,1196.86266404,853.71004802,N/D
Valor Exportaciones Petroliferos y Gas Licuado,189.596896250079,173.511661305567,291.06232853818,273.010758649209,387.458770178738,220.560812186356,197.887442238516,199.247343414876,218.619235383955,225.563217425824,213.963333443272,145.139681677136,171.656669236724,161.732779679579,170.400427811593,191.750534357184,202.985865273773,153.044113944986,157.310638351198,142.135607321868,154.64888139792,170.253727938145,176.024908293278,175.010768504963,186.696496612468,69.363112678006,43.482869157422,42.145674269613,93.381855194639,133.6971431548,145.891988388139,174.778171300154,171.76295281313,149.30830711214,97.68175537027,168.06224455402,191.29813298311,215.81820191334,277.947030416926,269.18403472795,217.64337899536,229.40266404921,273.95074439332,264.98550816879,398.5940016202,488.30269360885,306.2290170397,338.92165462607,414.34204397011,497.621384290113,622.52136062152,500.741941807662,487.02344764951,405.57890089197,450.48911695271,471.10798555235,312.989456804985,350.590250939556,346.466756512735,295.055010166091,340.96967026536,326.98013925415,417.1228430881,350.84614169864,352.65160099809,348.6053054755,313.95914681324,402.09690386515,362.12241067119,294.36847247,265.65059873551,338.21770505,488.777822783672,473.819981743804,574.3862840537,546.29046050451,413.15537802,356.7942135,434.86648038,393.66048041,395.39024302,350.38895009,283.86594046,294.11846851,311.11348159,381.843428264635,365.83108294,373.20384375,306.78370303,247.74786745,N/D
Valor Importaciones Petroliferos y Gas Licuado,2287.0894333857,2311.61876903223,2471.01859022988,2370.48545908427,2542.86324017871,2512.61544980316,2855.65815994298,2620.20965424321,2457.923210091,2845.7965624055,2630.81879296445,2296.33701395129,1738.3366813157,1840.00291877171,2101.48239688907,2291.05584401604,2200.90921878389,2073.74002483825,1870.66428935119,1842.74473988171,1643.63054309102,1881.0307574835,1898.79226296087,1937.93820817668,1878.71016644471,1711.51441911768,1460.07506548964,533.577117151269,411.743130538315,442.21577554976,765.688762273339,922.329985695564,819.71040133503,857.293924882564,924.448838487291,1006.80742509227,946.317821200169,809.005126244561,958.368006718226,1298.85848005485,1463.47586606548,1494.04113366804,1658.79831190703,1397.14262955452,1309.02277977786,1424.33287075652,1617.93963025823,1916.36633688128,1689.84627393878,1446.70446144725,2378.69291372551,2978.31413210287,3638.18789739615,4061.36574789982,4466.8806611717,3445.73569249852,2790.6197315103,3101.39333283858,2512.81966173179,2401.55519940061,2283.06358132549,2298.65380309902,2363.09970288498,2195.30912057783,2184.18933275255,2026.36156359204,2071.6442799009,2812.26261091004,2877.19864518312,2951.69155102538,2310.41627667904,2460.66845213328,1844.34622838935,2018.69960711201,1930.04875350809,2087.77825673556,2363.79383457321,2273.34707348795,2268.46338910048,2227.65149866103,1818.98188272686,1673.48200546671,1706.6617545623,1768.15280115457,1502.75716913781,1465.28617648895,1673.67387566187,1510.59594484898,1541.93435916504,1129.20589203021,N/D
Valor Exportacion neta de gas natural (MMpcd),-221.722302072906,-196.406279220937,-178.273213586612,-174.883794414762,-182.306805541628,-172.151241904741,-201.236463595851,-129.846674183427,-123.76295832,-191.49397248,-128.660343382844,-141.45575644,-135.40971128,-102.12293814,-108.37094782,-92.02128949,-96.29005971,-92.58566669,-80.844907939,-72.64178727,-75.03107719,-75.4074464585,-74.3986705315,-66.0261300424,-67.11805531,-55.11220079,-56.0873462,-46.94929614,-46.834996168,-50.69236655,-57.769308733,-71.244252566,-72.52952353,-77.911232018,-86.811307569947,-84.619023901852,-89.306647376,-883.576886793,-100.454771066,-85.965566467707,-100.073499788935,-106.886147368,-126.157146052411,-134.09995496894,-123.52361805,-166.519000174353,-148.741532338427,-130.1980593754,-106.604471681386,-111.693315252,-95.911197852644,-128.767452405585,-181.991817177374,-164.474713424304,-96.029739699665,-143.091383796361,-119.021949150253,-91.062775045867,-62.878856448105,-56.958564927556,-45.499597245135,-27.310941990849,-32.883630146561,-21.880535044283,-32.694285332233,-47.438025926852,-50.262807104403,-51.255727245243,-58.870534396498,-57.845887895464,-59.289809309451,-60.409176746753,-87.246598791251,-61.742203239527,-37.684875936598,-38.008369709666,-45.875768305,-60.866928145516,-68.706660837384,-61.755373836965,-60.989796045994,-60.563526082285,-52.019520278917,-84.006843762279,-110.714855128763,-94.787371060545,-96.468632663438,-94.987518385749,-108.484181407053,-106.165628030497,N/D
Valor Exportaciones Petroquimicos,0.01060513,1.60024591,1.92664481,0.69406061,5.82247515,2.96893357,4.78675536,9.11176399,2.57832267,3.20277984,4.84179858,1.63778686,3.5430226661,4.16080057,1.72700253,3.61273626,3.86571939,4.3392257,5.1283994,3.12937749,5.75378645,3.36484128,0.95051688,N/D,5.305551234037,3.22640109,2.069504710038,N/D,N/D,-0.133458501704,N/D,1.542832493083,N/D,0.360791520079,N/D,1.3449284276,N/D,0.92635397005,3.557127869,N/D,18.34304032479,10.46129594,1.564930872749,N/D,N/D,6.70939462281,12.33944525,14.58020861,N/D,2.9252968824,7.6889864456,N/D,N/D,N/D,N/D,N/D,1.62366042891,0.7945163928,N/D,N/D,N/D,N/D,N/D,N/D,N/D,2.5751569712,-0.0929772002,N/D,N/D,N/D,N/D,N/D,0.24134588709,2.3770167436,N/D,N/D,N/D,1.52126679356,N/D,N/D,N/D,1.01441147405,1.19073297735,N/D,N/D,N/D,0.93869051286,0.74337244,N/D,N/D,N/D
Valor Importaciones Petroquimicos,48.324888076089,63.27697490843,88.576955792699,18.6697061698,28.46518016336,59.55033058686,46.05841965222,41.69173252622,39.69616484399,43.0355579648,61.32992689802,50.09579706566,96.64633523746,49.72236177469,48.40064870129,53.95243325477,62.179809398121,53.747000646148,55.90657992396,46.74320095933,36.55153288237,54.78141075158,59.67893503,40.1026850051,54.79913389704,62.85374672456,51.94885213,35.60332021536,41.94930866044,37.22881434,51.9500212453,52.85053816335,47.21797989863,60.48042396669,67.35678804396,68.72162938,55.94503715505,56.45308098057,57.30988081126,49.83801064477,40.81507731483,60.499252398997,70.37188241498,91.46419994947,88.13019549047,75.94120458986,111.86829347879,122.34055968165,100.08259293905,113.59479977341,122.60128418011,106.01554963258,94.49483480153,111.81726852776,127.78773944506,172.85779262514,198.16397994099,184.20329166586,196.65762950472,186.13124129038,193.44928229772,159.55156125362,171.57743830319,131.79867311265,160.55574567024,186.05728500154,185.19223742407,178.64776775815,222.80238664754,87.53076983721,184.61954849935,275.69792755983,273.56875593137,225.21722069,44.7356754123,15.3636635277,0,9.94431885505,1.05887301990003,5.28596785211005,6.52598326324001,11.3443704079,7.78849290954999,1.85870226642001,7.10966577335,11.360808638,11.36258530235,0,7.01770807967,6.95126798454999,N/D
Precio Exportacion Petroleo crudo (8),57.7100010530871,56.5890141572825,57.314619867165,58.9890339976508,62.7322335813576,64.5855792781303,66.3398408773049,64.1601609070445,68.2612476954095,71.290725147444,59.3841393407151,51.709697142203,53.7648588592225,56.8174108148629,58.9778831337674,61.863776766024,60.3136140829969,56.8457225531256,57.7842167610153,49.5081980471737,55.1013871735064,50.6008225473206,51.0325331276054,52.7910421818962,48.7464688713334,40.2536253857072,28.4768264245432,17.1010234268822,22.6677997365426,33.8113848549484,36.5685754931181,39.0961992903508,38.2895372101492,38.9340419746255,41.3430542671242,47.42871840622,52.3796724283951,57.3416031414679,60.0122022277265,61.3899239928187,64.3396242201914,66.92938963655,68.4607942447334,67.7759912383134,68.857828872621,72.155695948339,75.1502424144643,72.2924641337262,78.4187441496937,87.7308770402938,100.360185844309,102.237506006836,104.245072205668,105.95436070407,94.385492883275,86.269563456101,81.6249436127202,78.1372381483949,76.8432214127134,69.7426946804597,67.4202893472446,67.0100934313412,63.5061977463177,67.1864908384439,65.0364140358226,65.5656904961173,72.2984877305554,76.7071473096868,81.7979262904267,80.5730476064922,74.3064918362499,69.2459612188141,70.9494561382325,73.4347362505138,73.7746552730331,75.9019937824451,74.5045908171869,72.3428463029546,71.3584166187344,70.6631646211381,65.5987372569847,65.3714682117929,64.9322239926175,64.8085769567002,66.209308414713,65.7941649038297,62.6308183268148,61.1530479176868,57.3136991216111,62.1192664249935,N/D
Precio Exportacion Istmo,63.501275483809,63.1709550194402,62.3574211758715,65.9130270022133,66.53,N/D,N/D,N/D,N/D,N/D,N/D,N/D,N/D,N/D,N/D,N/D,N/D,N/D,N/D,N/D,N/D,N/D,N/D,57.1177922604631,56.7868387848888,49.7476949978996,35.5195993127874,17.9849874279343,14.41471711085,33.2561408369916,37.676772586258,40.4995721827666,39.4088290706946,38.5998769912654,40.0559864778172,46.0813219011964,53.7647481167204,54.7642880265693,59.7724647169733,61.4678390988687,63.5120994610676,68.4304251806587,69.542978095674,68.0871296584471,69.6103544954852,75.1783212184741,77.1342797884067,73.1004368884743,83.3200195344385,90.6913685998615,103.967297611006,104.048156369533,106.885229419857,109.097564415277,98.9020549486336,88.9792973069907,85.7178512671525,80.9094955533644,78.7035818434169,73.694390718636,70.8115146392575,69.5499262095235,66.4780053628697,68.4006508912576,67.8180943388188,67.6900498496348,74.1936309676383,77.5507493540163,83.9398734200234,82.3808054195565,77.3180135003399,71.8016543510999,73.0532333362393,76.1640164930381,75.8713902396609,79.0488661814865,76.8531315012062,74.9453255538133,72.6714415114065,73.3609137228791,70.6331477675811,68.1022938823792,67.8869349345555,67.4472627907742,68.6665870284129,72.2429567301128,68.9918884687816,63.8719503490321,61.1712356919945,65.0803454062989,N/D
Precio Exportacion Maya,57.4539946460486,56.1567616619261,57.224584109518,58.1597320976924,62.899288500652,64.6368646183259,66.421619287886,64.2656311380651,68.3634821801379,71.1529875091557,59.8258390806774,51.8686687944906,54.0566599046916,57.3798096252333,59.4644923664262,62.0770299863898,60.3367363498555,56.9053727484038,57.8759520519488,49.5849607803503,55.0554407720285,51.0056320971755,51.3209015480715,53.0235312165545,49.7927228301121,39.6761309635591,28.1801588905426,18.1451702829085,24.161033209984,34.0318456456707,36.4132902523143,38.8878380409205,38.1817132195555,39.1849066688107,41.7799706549302,48.0260574750252,52.3659921622659,57.9225178704376,60.1730476673415,61.6254262739774,64.6713935460263,66.6409931936443,68.237922304185,67.7155261580184,68.8567849196053,71.3626296477712,74.8735298995407,72.2670632274083,76.4420051444478,87.3555574636607,99.7175136672641,101.359327847812,103.227494646863,104.68262732724,91.8411573226482,85.0272917495359,80.0876075860962,76.9924691829217,75.9593953629089,67.5889584700136,65.5395361295973,65.7567902974481,61.2613651506097,65.7851896535077,62.7565869363412,63.8618425463976,70.225608285444,76.7950169517257,82.0795786138183,79.125821913184,72.7266183220733,67.0025295704324,69.6687971099528,71.5695174939312,72.6155419890893,74.7455840599215,73.0247409392642,70.829275096535,69.9826041831905,68.399104169591,62.9273345691345,63.9442832282737,63.4085963894028,63.2094251177185,64.9009166500126,63.771830461044,60.3511140497851,59.5961761394126,55.9164057377666,61.2608631930875,N/D
Precio Exportacion Olmeca,N/D,N/D,N/D,N/D,N/D,N/D,N/D,N/D,N/D,N/D,N/D,N/D,N/D,N/D,N/D,N/D,N/D,N/D,N/D,N/D,N/D,N/D,N/D,N/D,N/D,N/D,N/D,N/D,N/D,N/D,N/D,N/D,N/D,N/D,N/D,N/D,N/D,N/D,N/D,N/D,N/D,N/D,N/D,N/D,N/D,N/D,N/D,N/D,N/D,N/D,N/D,N/D,N/D,N/D,N/D,N/D,N/D,N/D,N/D,N/D,N/D,N/D,N/D,N/D,N/D,N/D,80.375144776855,79.8588226077895,N/D,87.82,84.1,N/D,79.82,75.9227725661619,79.2076894322187,N/D,N/D,72.66,77.28,70.83,67.85,67.32,67.2225686802979,67.097771130633,71.5733446940149,70.0214848769263,63.2783100644304,64.6082223949263,58.3358011967597,58.31,N/D
Precio Exportacion Gas Licuado,N/D,N/D,N/D,N/D,N/D,15.3200911028929,N/D,N/D,N/D,17.6909628583873,N/D,N/D,N/D,N/D,N/D,N/D,N/D,N/D,N/D,N/D,N/D,N/D,18.5329585650116,N/D,N/D,N/D,N/D,N/D,N/D,16.1019376166846,16.0806869046943,N/D,N/D,N/D,N/D,N/D,N/D,N/D,N/D,N/D,N/D,N/D,N/D,N/D,N/D,N/D,N/D,N/D,N/D,N/D,N/D,N/D,N/D,N/D,N/D,N/D,N/D,N/D,N/D,N/D,N/D,N/D,N/D,N/D,N/D,N/D,N/D,N/D,N/D,N/D,N/D,N/D,N/D,N/D,N/D,N/D,N/D,N/D,N/D,N/D,N/D,N/D,N/D,N/D,N/D,N/D,N/D,N/D,N/D,N/D,N/D
Precio Exportacion Turbosina,N/D,N/D,N/D,N/D,N/D,N/D,N/D,N/D,N/D,N/D,N/D,N/D,N/D,N/D,N/D,N/D,N/D,N/D,N/D,N/D,N/D,N/D,N/D,N/D,N/D,N/D,N/D,N/D,N/D,N/D,N/D,N/D,N/D,N/D,N/D,N/D,N/D,N/D,N/D,N/D,N/D,N/D,N/D,N/D,N/D,N/D,N/D,N/D,N/D,N/D,N/D,N/D,N/D,N/D,N/D,N/D,N/D,N/D,N/D,N/D,N/D,N/D,N/D,N/D,N/D,N/D,N/D,N/D,N/D,N/D,N/D,N/D,N/D,N/D,N/D,N/D,N/D,N/D,N/D,N/D,N/D,N/D,N/D,N/D,N/D,N/D,N/D,N/D,N/D,N/D,N/D
Precio Exportacion Diesel,N/D,N/D,N/D,N/D,N/D,N/D,N/D,N/D,N/D,N/D,N/D,N/D,N/D,N/D,N/D,N/D,N/D,N/D,N/D,N/D,N/D,N/D,N/D,N/D,N/D,N/D,N/D,N/D,N/D,N/D,N/D,N/D,N/D,N/D,N/D,N/D,N/D,N/D,N/D,N/D,N/D,N/D,N/D,N/D,N/D,N/D,N/D,N/D,N/D,N/D,N/D,N/D,N/D,N/D,N/D,N/D,N/D,N/D,N/D,N/D,N/D,N/D,N/D,N/D,N/D,N/D,N/D,N/D,N/D,N/D,N/D,N/D,N/D,N/D,N/D,N/D,N/D,N/D,N/D,N/D,N/D,N/D,N/D,N/D,N/D,N/D,N/D,N/D,N/D,N/D,N/D
Precio Exportacion Combustoleo (alto azufre),50.3167413535982,48.7538754780579,49.1481083971023,51.9405638821199,59.1818864996921,59.707788375962,61.811041406498,59.0596470011718,61.3137061695221,65.9644807236468,57.0879677154773,45.5206319526048,50.770493533791,58.1679924603653,58.2952977126799,57.5735681186878,55.7075168268803,49.2932125669501,51.491946384032,41.6890747931834,45.984011803863,33.4768395060428,30.5593891090239,35.7353027805162,35.9978013007094,26.7930703211296,12.7612744232959,9.5946031685061,17.7770690192256,28.2066143805333,31.7444454219334,34.2973883963817,31.0816263906773,31.7026564604639,35.7616118701537,40.6429112254426,43.6643170609514,49.753786549313,48.6842566065708,51.5332772235221,53.1959306029616,55.8954827492606,55.9537270934728,56.9531920275011,63.5139082985023,65.9341123943192,58.9548792816743,61.6655041679759,72.9453050003233,79.6270742933618,88.0699114987161,86.2533103730673,88.3147610810654,85.1663706265114,78.5875032182337,66.7797840132207,52.5155794143316,51.2634309772062,51.194041837854,47.7030600049253,49.8343746285431,51.4558589177477,52.5172874478437,53.852286277105,51.3630902736819,56.5659961330808,63.8929478041883,70.492367780796,72.1581079223825,64.386501746462,60.9558817340237,60.7662365018028,56.5374039377555,57.8212222989547,62.9228991819351,64.886361736079,61.9898428585943,65.0402621191906,62.8781254133568,57.9074635237621,59.1197239155723,60.680032268829,58.4027617425145,60.9558704835091,60.3053721287821,57.8878558537252,55.3142572456647,53.5482611832597,56.3752715877878,59.0349116839802,N/D
Precio Importacion  Gas Licuado,50.9033998152041,45.7964259191094,41.4686931042686,42.0758146682495,46.1375721573572,44.2256411385213,47.7285416076453,49.5019113792473,49.7684449730114,44.2115882944448,41.8089537686242,36.9239701212834,37.9541096375715,36.7238606456896,36.0046775720066,35.099748744026,31.817991282441,27.1802354975788,25.8085153007586,25.1902684965719,26.8299922831625,28.3216416912272,27.8757958880645,30.1139372514798,27.0091484634011,26.5382410480342,23.2180977895653,24.4740185455564,25.3754557739384,28.7871719209339,30.055553352097,30.5355846078529,30.4171483524721,32.1958457758529,32.0208735193008,38.8132812324719,46.0471925928397,47.3813432937725,49.0925629023982,45.3977641014862,42.1197248314977,47.4381177138592,53.3564467274351,54.6335909552911,62.9395435672222,70.1138414232901,64.3353545289684,53.8089995411986,58.1859803164459,63.6296600343958,68.7465408111538,63.3430202652752,60.6951661785232,59.2538613409942,58.3740140215898,56.3220878808122,52.0506334281496,48.1098762517762,45.6813935339421,41.5668141798745,41.4391888499186,44.3862512420949,43.6602462893545,49.0199892614586,37.5563255622191,34.4569136769131,36.1837682704329,37.8615553510981,40.8757683885856,43.5242823085859,38.4547235589325,39.8129051088403,39.4718089844613,48.3359306722089,46.5317943864398,44.8204979869218,41.8314634539013,43.4591133659252,45.4713408343188,44.6798055182503,38.8353692404512,46.9742545517451,46.225331726579,43.8677028048697,53.1436515339523,51.7664082888077,50.2335420418044,48.0333990462155,42.3568516438306,44.278548653607,N/D
Precio Importacion Gasolinas,79.3172327573639,82.1452635404339,80.1450912065926,85.1565951040196,90.7850901790069,92.7938410089774,91.2689588434774,91.3769075288116,90.1379698859994,92.9337667157751,82.0168140467256,69.0409219964852,63.0667324248989,66.804397559613,76.9460534288998,85.1021559016014,89.270336747016,83.6571696988181,81.7920112877461,79.2718902235313,74.6780644499726,77.2377198954047,76.4877499738086,75.90949125406,76.9155805567584,74.5514217661163,63.0187482543497,36.1968880731676,31.5819094286407,42.3579936587521,50.5469077889998,52.382998704899,53.6376292028567,54.6914584993637,49.6688316580834,53.0104249956177,60.3933553599777,68.2697200915364,79.4566434490834,80.758043943041,82.5784016956558,84.275154997121,89.285696367633,91.6708845433636,90.9076679599984,96.2957819724586,100.163595458332,92.4988626316877,95.983420159598,107.891527127619,125.68570620024,133.923553994327,145.102970084844,164.770941236488,162.675370282479,138.993274279036,124.33472325848,119.323548190946,118.915712314975,104.734438606705,104.286125017069,112.311661363704,111.126664695245,112.549609052166,111.766165515916,107.11247856945,108.769266686566,121.633911309697,125.777361928498,117.945594715171,105.170283591092,95.375939692816,96.1377100780353,104.833553684791,112.643185802356,116.587220969205,113.376748869743,104.969245456695,106.641394387817,104.364492319512,95.8910623523569,92.3089182565848,88.3765194903451,87.820788813834,91.6223768484579,93.6409926097007,92.5829414098869,89.6778458475957,86.3558036839931,89.0000209227845,N/D
Precio Importacion Combustoleo (bajo azufre),60.1488922827642,57.90822,58.9449511617867,58.7060555244973,64.971520767516,68.1764912607947,74.7741686820352,68.4969399453905,69.3293687017914,75.4246204622886,77.7039740135552,61.89163,62.3890619715864,61.9619785060163,69.0183809655444,68.4009322255038,75.7384604357194,62.6566032125413,69.4455420332611,57.7616414416382,51.1923377553654,59.7285929746399,54.3368169393752,43.2637179347245,49.2178274285554,N/D,39.27678,37.8993966249989,33.893630195006,38.8457987244043,41.09553,47.08429,49.69553,49.69553,N/D,N/D,N/D,N/D,N/D,N/D,N/D,N/D,N/D,N/D,N/D,N/D,N/D,N/D,N/D,N/D,N/D,N/D,N/D,N/D,N/D,N/D,N/D,N/D,N/D,N/D,N/D,N/D,N/D,N/D,N/D,N/D,N/D,N/D,N/D,N/D,N/D,N/D,N/D,N/D,N/D,N/D,N/D,N/D,N/D,N/D,N/D,N/D,N/D,80.82,81.34875,86.0204079049366,84.93554,82.9375877116274,N/D,N/D,N/D
Precio Importacion Gas natural (US$/MMBtu),4.22513456515421,4.37939940734681,3.77121876455779,3.70386872413892,3.79294694721846,3.84551816657929,3.39360002224925,3.72148717546081,3.78815430654486,4.78259157968238,4.0966225487958,4.81715218412507,3.97130519303637,3.34222588319717,3.19051863304888,3.02126987128242,2.9388930993657,2.84708968807868,2.62385304611275,2.45444531708208,2.67874072199667,2.6197849984884,2.83526370033894,2.6058461665723,2.34329102095412,2.17110528695995,2.07079160197989,1.96749911713879,2.10676338086662,1.99967821315095,1.95326410136247,2.43918781941475,2.72251738884208,2.67401057402331,3.19509953969014,3.11893399095988,2.95327663683912,33.5071250208847,3.13701163060505,2.97590901330587,3.37252746250611,3.49134634309617,4.03943904093045,4.35335714528852,5.0259784954316,5.97908451120835,5.97485304575792,5.7281080150365,4.96105114945398,6.42929306895348,4.84987174359139,6.4749410140284,8.02238675830046,9.0358199468321,7.21103351599606,8.81296219057456,8.79259695667711,5.63272674061861,5.19765206271295,6.28420913121222,5.01630243868866,3.43155910974329,2.88801961904794,2.41741804270651,2.6341116840756,2.84416516640366,3.15985239686551,3.12002476464636,3.23378721498178,3.14721111561759,3.18736482449962,3.01929801958609,3.70164337619071,2.9448871574007,1.87884167510093,1.79015066726342,2.1427907522397,2.69589231299005,2.5322405497027,2.16365108418213,2.37063323120544,2.75838537007062,2.42707786669687,3.59044275586725,4.42281846210139,3.83520593297075,3.82483811580711,3.67276720741326,3.36788377214599,3.28876340828954,N/D
